Country Name,Region,GDP_pc,GDP_pc_PPP,GDP_growth,LQI,Purchasing Power Index,Safety Index,Health Care Index,Cost of Living Index,Property Price to Income Ratio,Traffic Commute Time Index,Pollution Index,Climate Index,HDI,Control of Corruption: Estimate,Control of Corruption: Percentile Rank,Government Effectiveness: Estimate,Government Effectiveness: Percentile Rank,Political Stability and Absence of Violence/Terrorism: Estimate,Political Stability and Absence of Violence/Terrorism: Percentile Rank,Regulatory Quality: Estimate,Regulatory Quality: Percentile Rank,Rule of Law: Estimate,Rule of Law: Percentile Rank,Voice and Accountability: Estimate,Voice and Accountability: Percentile Rank,Government Quality
Aruba,Latin America & Caribbean,,,,,,,,,,,,,,1.203908705882353,86.0971594117647,1.1583279529411763,83.6426688235294,1.263298741176471,93.4014364705882,1.1098445470588234,82.72149823529413,1.168743823529412,84.14747588235294,1.186392988235294,87.92737,0.8348478330376955
Afghanistan,South Asia,494.179349886029,2152.3664894209,1.53563667424,,,,,,,,,,0.511,-1.4335791818181816,3.891954036363636,-1.4730377136363637,6.32883709090909,-2.478879,1.2861017772727277,-1.5085970954545451,6.158317909090909,-1.7030473181818182,2.348602563636364,-1.284661731818182,13.893755104545454,0.1268738881242401
Angola,Sub-Saharan Africa,2809.62608839129,6952.41936236851,-3.7956079652012,,,,,,,,,,0.581,-1.2939875045454547,6.621511863636365,-1.1420555363636362,11.795020227272728,-0.7717912954545455,25.034463409090908,-1.1419336045454545,13.127891000000004,-1.3111061590909092,8.65066,-1.1663375818181818,14.90865909090909,0.2542913855291479
Anguilla,,,,,,,,,,,,,,,1.203782782352941,86.3319411764706,1.2710336705882357,85.54862411764705,1.2589127294117646,92.58294176470588,1.1239996588235297,84.01192294117648,0.8865540647058825,76.40788882352939,0.97063871,78.61991500000002,0.8191804644137577
Albania,Europe & Central Asia,5395.65953185375,14012.9764354305,2.54935857948763,,,,,,,,,,0.795,-0.6642039636363637,29.66848136363637,-0.31680405,42.62717136363637,-0.0975340636363636,42.71845681818181,0.0313869363636363,53.28722363636364,-0.5645728818181818,34.572286363636366,0.0273222409090909,49.561835,0.4729868990436013
Andorra,Europe & Central Asia,40897.3308728669,,1.83306059347608,,,,,,,,,,0.868,1.2801992727272729,87.71859818181817,1.5990665000000002,92.25439590909092,1.3492900454545451,95.73985545454546,1.312033081818182,88.30764136363636,1.3361964409090907,87.45856954545455,1.3328196818181814,91.65400409090908,0.8815288636176044
Netherlands Antilles,,,,,,,,,,,,,,,0.97470406,81.002923,0.82578,76.91454,0.96096701,81.846843,0.85187615,76.209125,0.84012239,76.151254,0.4404565299999999,61.576641,0.7432196292785378
United Arab Emirates,Middle East & North Africa,42701.4430454782,71150.5421414274,1.93443148259161,0.7557235874816214,92.17,84.86,68.73,58.33,4.42,36.19,49.71,45.23,0.89,0.9319740227272728,79.07143545454545,1.0510562227272728,81.98339545454546,0.8228025090909092,74.02581500000001,0.7659540136363637,74.05503909090908,0.5989962272727273,69.55015136363635,-0.8925176045454545,23.320388636363635,0.67582568221723
Argentina,Latin America & Caribbean,10056.637940265,22999.2750525577,-2.99438788864292,0.3709304767905902,30.72,35.86,69.32,34.69,26.04,43.3,51.19,98.28,0.845,-0.3283615727272727,44.22917727272726,-0.0666433181818181,52.57135545454546,-0.06105415,44.07847272727273,-0.5410350727272727,31.73270045454545,-0.5213077545454546,34.774288181818186,0.3913183863636364,60.13576136363638,0.4920633892184733
Armenia,Europe & Central Asia,4604.64632355695,14231.1801885329,7.38219727969849,,,,,,,,,,0.776,-0.5725541318181819,33.43115454545455,-0.1732151909090908,48.473755,-0.2180083636363636,38.23851909090909,0.1902551045454545,58.6254559090909,-0.3550649272727271,42.47031272727273,-0.5256469954545454,32.49010136363636,0.4700741022195001
American Samoa,East Asia & Pacific,11715.3601388487,,-0.219737965386599,,,,,,,,,,,0.8641640235294117,77.75115117647057,0.4492305,68.50423941176469,1.0031769764705882,82.6953605882353,0.2424343411764706,59.18815117647058,1.187931511764706,85.71215352941178,0.956178653846154,78.77181461538461,0.7352611148966807
Antigua and Barbuda,Latin America & Caribbean,17376.6496765004,22774.1742001371,3.96278455965997,,,,,,,,,,0.778,0.8714245818181818,78.72295090909091,0.3778068954545456,65.62950454545454,0.8643504681818182,76.5994309090909,0.582172340909091,70.31126954545456,0.7736779318181817,75.427735,0.5396626227272727,65.08757681818182,0.706311098787627
Australia,East Asia & Pacific,54875.2859563351,51748.3977215322,0.571102988410345,0.9197647553035077,104.63,56.15,78.14,77.75,7.2,34.78,23.85,92.7,0.944,1.906847227272727,94.54875909090909,1.7015530454545456,93.697865,0.9926762409090908,81.49216909090909,1.7276042272727274,95.94180681818185,1.7669972727272727,94.92468954545456,1.4040323636363636,94.06176,0.935343606787872
Austria,Europe & Central Asia,50114.4011099728,58076.348801448,1.04090811975335,0.8872085696282292,77.25,73.92,76.75,71.04,10.75,25.55,21.73,77.15,0.922,1.710270227272727,92.50563227272728,1.703627090909091,93.65143863636362,1.1294818954545454,88.01820863636362,1.5131931363636364,92.55355727272728,1.8601818181818184,97.37308272727272,1.3855488181818183,93.76665727272729,0.927109063768377
Azerbaijan,Europe & Central Asia,4805.75371765917,15052.7938701564,1.63585041443849,0.3616887208569627,27.26,67.75,44.85,29.73,16.77,39.61,74.3,91.4,0.756,-1.086456381818182,12.365985272727274,-0.5999935863636362,30.43780863636364,-0.7216741545454545,23.68129863636364,-0.4816334863636363,34.45063318181818,-0.8183543818181819,23.53462681818182,-1.2911800545454546,12.368190181818182,0.330540217006525
Burundi,Sub-Saharan Africa,228.213589244227,783.451983198669,-1.29476823572824,,,,,,,,,,0.433,-1.1345354954545457,13.138140863636362,-1.280470409090909,9.163906999999996,-1.750264640909091,6.557343831818182,-1.09878735,14.209595863636364,-1.2387946954545457,10.46003609090909,-1.1658576545454546,16.247597454545456,0.2191895785947866
Belgium,Europe & Central Asia,46591.4916067396,54269.5140327442,1.59897001717071,0.6960722537282084,79.72,54.62,75.49,72.61,7.09,36.89,50.11,86.03,0.931,1.4576359090909092,90.15639227272726,1.6004162727272728,91.50150999999998,0.7901343181818181,72.94702272727272,1.2806080909090911,87.2440518181818,1.3786712272727273,88.95539136363637,1.3647406363636363,93.08458454545456,0.8674548058449212
Benin,Sub-Saharan Africa,1219.51550596905,3426.32965445391,4.00308913488962,,,,,,,,,,0.545,-0.5530978545454545,33.99057863636364,-0.4721456136363635,37.69538545454545,0.3093193545454545,56.48934818181817,-0.4051719454545454,37.29490136363636,-0.4897493818181818,36.104065,0.2329294272727273,55.66550909090909,0.481600299339043
Burkina Faso,Sub-Saharan Africa,796.115206827676,2267.50663763582,2.72407212531654,,,,,,,,,,0.452,-0.2160163818181818,49.39280863636363,-0.6314514045454547,30.49054727272728,-0.4199575318181818,32.80720936363636,-0.2798633045454545,43.12141136363636,-0.4857332999999999,37.10530136363636,-0.2673408818181819,39.181929545454544,0.4431218627012069
Bangladesh,South Asia,1855.74009422319,4954.76184812582,7.04528876097589,0.1060701533291325,25.3,36.55,42.25,33.13,13.54,55.92,84.99,71.29,0.632,-1.055211290909091,14.303002590909092,-0.7348991272727274,24.886446363636363,-1.2008429727272725,13.684624409090908,-0.9103183772727274,18.53774409090909,-0.8181442636363634,23.28307090909091,-0.4630776181818181,34.10622272727273,0.3228982463238529
Bulgaria,Europe & Central Asia,9879.26853313318,24523.7922886874,4.77250206361659,0.5436532941258839,45.96,61.26,56.41,38.38,7.68,29.42,64.28,82.76,0.816,-0.1793700181818182,51.61941636363636,0.0750231727272727,58.066475,0.2891742590909091,55.80476909090908,0.5232481454545455,68.76091,-0.1070729681818181,50.89850181818181,0.4679631636363636,62.493170909090914,0.5836681757793432
Bahrain,Middle East & North Africa,23551.9300857404,47228.1000429956,-2.32252085763781,,,,,,,,,,0.852,0.2292219545454545,63.13396363636363,0.4675772454545454,68.57205999999998,-0.4556356772727273,31.30128,0.6812615045454545,72.95043545454546,0.4387210727272727,65.23310045454546,-1.0562972454545454,18.489137272727277,0.5517942248801554
"Bahamas, The",Latin America & Caribbean,33799.4176940891,37973.2472481629,-0.293225395122633,,,,,,,,,,,1.2924671363636364,87.15411863636362,0.9810101272727274,79.96294863636363,0.95455085,80.26173318181817,0.6571181136363635,71.10460409090909,0.8323875409090907,75.93443636363638,0.9980093409090908,79.39427590909091,0.7774929406131793
Bosnia and Herzegovina,Europe & Central Asia,6119.76234462222,15728.1755051663,3.5453373948871,,,,,,,,,,0.78,-0.3896166772727273,42.14473181818182,-0.7020131454545454,26.821768681818185,-0.453999459090909,30.83335772727273,-0.2988092363636363,42.41128909090908,-0.3752262272727273,41.79212545454546,-0.0534991681818181,46.436426363636365,0.4442564222343735
Belarus,Europe & Central Asia,6837.71782606351,20094.5258122074,1.60481819172,0.3923545473639991,31.78,41.59,45.57,30.89,16.69,30.15,44.79,64.37,0.823,-0.4770933727272727,37.95922,-0.7738837818181818,23.78431,0.162354759090909,51.359025454545446,-1.1563447545454546,13.536308636363636,-1.0157967772727272,16.31941009090909,-1.4519301545454546,9.636501772727271,0.3424952063815181
Belize,Latin America & Caribbean,5078.80994441772,7558.56791733533,-0.135066237124235,,,,,,,,,,0.716,-0.2034578772727273,50.47562681818183,-0.3480879681818181,41.81516181818181,0.2080518454545453,53.264390909090906,-0.3175777727272728,41.34545590909091,-0.3736028681818181,39.94551,0.668009059090909,68.15784181818181,0.5237830420719353
Bermuda,North America,117098.446325474,85263.7630031759,0.469320877880691,,,,,,,,,,,1.2887555454545456,87.87380909090908,1.1417159454545454,83.84972545454544,0.88718875,77.93740909090909,1.2440681954545456,86.7040859090909,0.9560898545454544,80.44963181818184,1.0565776,81.55249733333333,0.8133186518326323
Bolivia,Latin America & Caribbean,3552.06814321502,9093.43165872246,0.796516093647838,,,,,,,,,,,-0.6380748954545454,30.45398454545455,-0.4780511136363637,37.12455181818182,-0.4762120318181818,30.54168545454545,-0.6406447772727273,28.762982272727267,-0.8640691727272727,21.90347659090909,-0.0006959909090909,47.752303181818185,0.4098601772337985
Brazil,Latin America & Caribbean,8897.55296585529,15388.234915991,0.651853445818901,0.382272631800042,27.85,32.99,57.84,33.24,16.26,41.28,53.84,97.15,0.765,-0.1224270454545454,53.00535272727272,-0.1299906181818182,50.15978636363637,-0.20595555,38.43620772727272,0.0448797818181818,54.32265181818182,-0.2028244681818182,47.85461,0.4316268545454545,61.24156363636364,0.5313738275092905
Barbados,Latin America & Caribbean,18148.4978451054,16300.422208391,-0.228750840137266,,,,,,,,,,0.814,1.4432530909090908,89.76869,1.2224612454545456,84.91217318181818,1.0816234454545453,86.22586590909091,0.7906186772727274,75.5585818181818,1.0662998727272728,82.55656363636363,1.125122768181818,84.77027590909093,0.8197835359318613
Brunei Darussalam,East Asia & Pacific,31085.9619255901,64724.1324324328,2.82969002187825,,,,,,,,,,0.838,0.57274755,71.48541409090912,0.943825372727273,79.61656954545455,1.1781450545454544,90.33450454545456,0.964534618181818,79.45267636363636,0.5773713863636364,69.53625545454544,-0.792902690909091,25.374810454545457,0.6827274183685714
Bhutan,South Asia,3322.86332871934,12366.526476148,4.54973728489323,,,,,,,,,,0.654,1.0738886227272728,82.31976727272728,0.4502679045454547,68.22654999999999,0.8993748136363636,79.05780227272726,-0.6309791681818182,28.73452727272728,0.3152997772727273,62.59097636363636,-0.5312492590909093,32.24150090909092,0.6048434629432164
Botswana,Sub-Saharan Africa,7203.06422122998,17039.2621878762,0.773637549401784,,,,,,,,,,0.735,0.9007366545454548,79.10765545454545,0.4991710590909092,69.48767545454545,1.0255304409090908,84.03607,0.5555710727272726,69.36872954545453,0.6074279090909092,69.84844590909091,0.5439961863636364,63.87637363636364,0.7114559721878269
Central African Republic,Sub-Saharan Africa,467.908032277798,985.112041352215,1.28946136700006,,,,,,,,,,0.397,-1.1524022272727277,11.2665885,-1.543105909090909,4.046984272727273,-1.8077566818181816,6.392848568181819,-1.225296990909091,10.357486227272728,-1.491973590909091,5.878092595454546,-1.1018491363636362,17.210595818181815,0.191922569773888
Canada,North America,46338.3409560127,49309.5008586611,0.448132391437483,0.7557235874816214,87.98,57.05,71.31,70.22,7.52,33.61,28.76,55.98,0.929,1.9404360000000005,94.85805545454544,1.813904090909091,95.60494136363636,1.0748693954545454,85.86283136363637,1.6594199545454549,94.6427231818182,1.7614149090909093,95.1758940909091,1.4684379545454542,95.94373045454545,0.944469338293106
Switzerland,Europe & Central Asia,85334.5194620909,72033.9294404588,0.491609144873692,1.0,118.44,78.32,74.85,123.35,8.29,28.5,19.59,80.21,0.955,2.072122,96.63773909090912,1.971939363636364,98.00340499999996,1.3300512272727274,95.48398863636363,1.6821471363636362,95.4314718181818,1.8828859545454544,97.72394909090907,1.534742318181818,97.26105136363635,0.9759799148107632
Chile,Latin America & Caribbean,14741.7144039936,25395.4977729202,-0.245035756890886,0.3340334663586081,33.27,46.02,63.97,43.9,17.17,35.82,78.54,90.21,0.851,1.3726095454545453,88.53110863636363,1.1639790499999998,84.22524363636363,0.486097940909091,62.73497818181818,1.4124751363636363,90.18643818181818,1.2639683636363637,86.9787631818182,1.024997718181818,80.630175,0.8195644842040787
China,East Asia & Pacific,10143.8381719921,16653.338843518,5.57453312716906,0.3684800112021283,59.99,70.61,66.4,41.77,29.04,40.01,80.57,78.41,0.761,-0.3900846863636363,42.076341818181824,0.1340420681818181,59.648376363636366,-0.4295905545454545,31.53953409090909,-0.2474269454545454,44.84357454545454,-0.4358784318181818,39.08962363636364,-1.5814526363636363,6.746006909090909,0.4160069373211357
CÃ´te d'Ivoire,Sub-Saharan Africa,,,,,,,,,,,,,0.538,,,,,,,,,,,,,
Cameroon,Sub-Saharan Africa,1533.09568807789,3901.14195980824,0.835333750899835,,,,,,,,,,0.563,-1.1397211318181817,11.457272045454546,-0.839478468181818,20.393588636363635,-0.7620553727272729,23.23736395454545,-0.8282957454545453,21.010440454545456,-1.1133835500000002,13.213645727272729,-1.049946222727273,18.543973181818185,0.2999397132215286
"Congo, Dem. Rep.",Sub-Saharan Africa,580.716870645391,1144.38102852206,1.11015954346362,,,,,,,,,,,-1.430047909090909,3.6867167818181823,-1.6421178181818183,3.1292337863636366,-2.1779608636363643,3.0433359363636368,-1.5253702272727274,5.59158744090909,-1.6860749545454548,2.402895231818181,-1.4585015909090908,8.511008363636362,0.125277459277481
"Congo, Rep.",Sub-Saharan Africa,2369.72949429109,3987.49015807688,-2.61495233462033,,,,,,,,,,,-1.1607331045454543,11.146155363636364,-1.211215727272727,9.634107636363636,-0.7785338727272727,22.70354440909091,-1.2332685454545456,9.99979831818182,-1.2081661363636365,10.46048709090909,-1.1284585454545455,16.30341159090909,0.2587478730767703
Cook Islands,,,,,,,,,,,,,,,0.1105313916666666,59.0527975,-0.265287,42.86575666666666,1.09916174,87.627202,-0.2502275,42.76978841666667,0.0639818333333333,51.54470333333334,0.1343458,52.06883125,0.5763074419630022
Colombia,Latin America & Caribbean,6424.9794924083,15688.6333779317,1.88927448744572,0.357767975915424,28.85,42.29,67.19,26.72,16.89,47.8,62.98,88.3,0.767,-0.295645259090909,46.46332181818182,-0.1148656545454545,50.81534818181819,-1.4930025772727271,9.403769818181816,0.2184977363636363,59.99372727272728,-0.4806390454545454,37.7148181818182,-0.1390273318181818,43.83910136363636,0.4429416886657832
Comoros,Sub-Saharan Africa,1401.54231196814,3188.1754621661,-0.46527893172582,,,,,,,,,,0.554,-0.8507679727272727,21.579399772727275,-1.56751655,4.196892418181817,-0.2758623409090908,37.75751409090908,-1.2724539545454543,9.079955,-1.015525240909091,15.888341409090913,-0.4565880499999999,33.938514090909095,0.3122104074180115
Cabo Verde,Sub-Saharan Africa,3603.77524058462,7475.12251980896,4.48183015631996,,,,,,,,,,0.665,0.7917790409090909,77.24933272727273,0.1291916047619047,59.51708047619048,0.8592107636363636,75.73578863636364,-0.1627432227272727,47.53095227272727,0.5415537863636364,67.7883268181818,0.8600249954545455,73.61159181818181,0.6650115365154377
Costa Rica,Latin America & Caribbean,12693.8279560372,22511.300668619,1.28151371094327,0.4875026254988447,39.88,46.14,62.75,47.01,10.64,60.19,44.66,99.48,0.81,0.656991,73.71727681818182,0.3247199636363636,65.10253727272729,0.6609057363636364,68.07882272727274,0.4976524954545454,67.67182545454546,0.5472765181818181,67.95596727272726,1.0517988818181818,81.42225636363636,0.6950588858360982
Cuba,Latin America & Caribbean,9125.8786794952,,-0.123773041706542,,,,,,,,,,0.783,0.2237408545454545,63.06277227272728,-0.3316492863636363,42.77686045454545,0.4240895363636364,59.99954818181818,-1.4304999090909087,6.521784545454545,-0.7660542499999998,26.273290909090917,-1.6216657272727273,5.909812772727273,0.3929958137991024
Cayman Islands,Latin America & Caribbean,91392.6425875166,76747.6663062938,2.57669161664211,,,,,,,,,,,1.0689692772727268,82.25246727272727,1.3699211363636363,87.96392636363638,1.0786819590909091,86.203715,1.1318713772727271,83.87862545454547,1.0156044227272727,81.59924,0.7991270090909091,72.94265227272729,0.8087209659685488
Cyprus,Europe & Central Asia,29206.0767190775,42384.2408125411,3.86453264067046,0.6627459217251277,57.31,67.88,51.98,59.03,6.4,22.93,56.85,93.34,0.887,0.9872086045454546,80.66217090909092,1.2152155272727272,84.74463681818182,0.4862439045454545,62.57314318181818,1.1677092681818182,84.4578059090909,0.9804765999999998,81.40824090909092,1.0254462318181818,80.45399727272728,0.7836146823013971
Czech Republic,Europe & Central Asia,23660.1488068317,42847.0047376207,2.62455743475904,0.7715465938528319,66.47,74.46,75.34,48.24,13.56,29.45,35.86,77.13,,0.4503412409090908,68.97803636363635,0.9211920863636364,78.59316909090909,0.9549513090909092,81.26134454545455,1.1225572772727272,83.09927772727274,0.9603565,80.20419636363637,0.9671282409090908,77.92925636363637,0.7633513952211083
Germany,Europe & Central Asia,46794.8992915603,55652.8874913932,0.827864779161388,0.8949800462087797,103.08,63.63,73.25,65.58,8.93,31.14,27.75,82.44,0.947,1.8475484090909091,93.87711772727272,1.6027058181818183,91.74780272727274,0.8660690363636363,75.85154727272729,1.5853761818181815,93.0841927272727,1.673050590909091,93.08605454545456,1.3811272272727275,93.47141863636364,0.9126584522501332
Djibouti,Middle East & North Africa,3414.9161775746,5768.83108992215,6.15054746812686,,,,,,,,,,0.524,-0.6310748999999999,31.378025454545455,-0.8850502272727272,19.6917,-0.29268315,36.414336818181816,-0.6862412681818183,25.789807272727277,-0.8581916363636364,22.026200909090907,-1.1946146636363637,14.763001636363638,0.3493711776526198
Dominica,Latin America & Caribbean,8516.28003895161,12892.0210996239,7.29874797406434,,,,,,,,,,0.742,0.6156108499999999,72.33593863636362,0.3157309272727273,62.9980509090909,0.9184476045454546,80.34934545454544,0.4755693545454546,66.51796136363636,0.6687488363636364,71.97694545454546,0.9777257590909092,78.31614272727273,0.7047567927499078
Denmark,Europe & Central Asia,59775.7350964515,58700.9746656312,1.7496140950622,0.9796261289645032,99.45,73.44,80.07,84.12,6.78,28.52,20.97,81.8,0.94,2.332377545454545,99.66623863636364,2.024211181818182,98.31403181818182,1.090274659090909,85.48580363636364,1.7622193181818178,96.75947,1.924082181818182,98.61668363636365,1.5700425454545457,98.14052954545454,0.9855456191028712
Dominican Republic,Latin America & Caribbean,8282.11713050921,19191.5803869457,3.95840417453633,,,,,,,,,,0.756,-0.7261166499999999,26.605567727272728,-0.4749201636363636,36.79473863636363,-0.0087569999999999,45.75598954545455,-0.1646246954545454,48.173995909090905,-0.5627076363636364,33.61250772727273,0.1305157772727272,52.75497363636364,0.4637179794904166
Algeria,Middle East & North Africa,3989.66827645236,12009.248207942,-0.934555885396762,,,,,,,,,,0.748,-0.6300428000000001,31.201091363636355,-0.5983013045454546,32.00206272727274,-1.249881059090909,12.018657272727271,-0.9498006454545452,18.025799045454544,-0.8157156227272729,23.666744545454545,-0.977034031818182,20.469738181818183,0.3213013798650986
Ecuador,Latin America & Caribbean,6222.52465327248,11851.4654079335,-1.65324963404186,0.4648883287824686,31.76,42.76,69.26,37.34,12.48,38.87,58.22,94.51,0.759,-0.7021837272727274,27.404050909090905,-0.6355056772727272,29.20820727272727,-0.4984446045454546,30.438784545454546,-0.8864600909090907,19.472277545454546,-0.8666023500000001,21.475485454545456,-0.1652769909090908,42.38443454545455,0.38246589366631
"Egypt, Arab Rep.",Middle East & North Africa,3019.09228346646,12260.7205373863,3.49204687443208,,,,,,,,,,,-0.616549790909091,31.452923636363632,-0.4970457636363635,36.24277954545454,-0.9274735,20.04308763636364,-0.51031815,33.41846090909091,-0.2727504909090909,44.19509090909091,-1.1235684,16.23099409090909,0.3744054932968095
Eritrea,Sub-Saharan Africa,,,,,,,,,,,,,0.459,-0.5460553818181818,35.07104840909091,-1.3302965227272727,8.612031409090909,-0.7686321772727273,21.895623636363634,-1.8875293454545456,4.379093063636363,-1.1905002272727272,13.25952068181818,-2.015087818181818,2.3104684090909084,0.216295031214765
Spain,Europe & Central Asia,29555.3156985079,41696.3111045261,1.35796294893549,0.8124343625288803,70.04,66.13,78.37,53.88,8.78,29.24,39.66,93.83,0.904,1.0418960363636365,81.77314727272724,1.223990345454545,83.98086863636364,0.0849471818181818,49.11140772727272,1.1041775272727272,83.11122500000002,1.1352775954545455,84.5941059090909,1.131313827272727,84.75622636363637,0.7777456992721752
Estonia,Europe & Central Asia,23397.1200148694,37850.0741478592,3.71028576383254,0.8524119582720716,63.46,76.18,73.33,53.68,9.25,24.51,19.75,64.28,0.892,1.080004572727273,82.93847363636365,0.9973706181818184,80.76701545454544,0.6944021363636362,69.57518545454546,1.4331834090909092,90.1540668181818,1.0865771136363636,82.79473181818183,1.1034249090909092,84.32144272727272,0.8058338771427122
Ethiopia,Sub-Saharan Africa,855.760885186903,2315.34773012818,5.60436973620631,,,,,,,,,,0.485,-0.5863429363636364,32.69975363636364,-0.6666580272727273,28.60273659090909,-1.4430289363636366,10.018220318181818,-1.038460009090909,14.901089045454547,-0.6902552909090909,28.30956045454545,-1.221015040909091,14.127459272727272,0.3035737992767185
Finland,Europe & Central Asia,48628.641762105,50321.5396907229,1.10927871251762,0.927816285094168,91.02,72.75,76.31,73.2,7.95,27.8,12.09,56.64,0.938,2.2830445,99.23585045454546,2.0776084545454543,98.94351863636363,1.357770518181818,94.4673318181818,1.7821463636363633,97.36409954545456,1.996466818181818,99.67123,1.5526868636363638,97.66799999999998,1.0
Fiji,East Asia & Pacific,6175.89065331713,14262.9995440375,-1.16876751454872,,,,,,,,,,0.743,0.1300090363636363,60.02188136363637,-0.3009992681818181,43.816351363636365,0.3656330318181817,58.13555681818182,-0.3918803,38.52995590909092,-0.3209469818181818,42.09577954545456,-0.2886367,39.770635454545456,0.505422634152149
France,Europe & Central Asia,40578.6442850534,49072.3638300842,1.62035845279964,0.7296086256388714,85.41,47.59,80.18,74.13,9.94,35.25,42.44,89.7,0.901,1.3572276363636364,88.79433818181816,1.4934602727272726,89.47423863636364,0.4532370090909092,61.50051863636363,1.1653551454545452,84.51113181818181,1.4258544545454546,89.70849454545454,1.220950090909091,88.40378409090907,0.835914356241174
"Micronesia, Fed. Sts.",East Asia & Pacific,3585.39244888455,3612.09767201253,0.133812944929986,,,,,,,,,,,0.0917782285714285,58.55757380952381,-0.4812731428571429,35.68007380952381,1.0928507944444446,87.84592500000001,-0.6826668142857143,26.755376190476195,0.1503332727272727,57.59809954545455,1.0513905136363637,81.85149727272727,0.5900689833749245
Gabon,Sub-Saharan Africa,7766.99655422948,15577.9187568638,1.37116920912574,,,,,,,,,,0.703,-0.8381286499999999,22.424285,-0.7191558136363636,25.751326818181813,0.1962164409090908,52.86972727272728,-0.5032586363636364,34.059301363636365,-0.5372843,34.69845590909091,-0.8138906681818181,25.605903636363635,0.4049482666172181
United Kingdom,Europe & Central Asia,43070.4983595888,49041.4635475451,1.0999959123708,0.7652453966253588,88.78,53.53,74.83,69.65,8.86,34.4,40.2,88.06,0.932,1.8338259090909088,93.92603,1.6591257727272726,92.78002181818182,0.4752280136363636,61.88497727272728,1.756556818181818,96.54073227272728,1.6970641363636365,93.5436809090909,1.3251339090909091,91.60709863636365,0.903942731520196
Georgia,Europe & Central Asia,4697.98365238984,15623.1529588881,5.16261881694761,0.4809913883637891,31.15,75.7,54.25,30.18,12.03,35.4,69.28,84.2,0.812,-0.0245427409090908,52.81288654545455,0.122114359090909,56.76257409090909,-0.7705902136363637,23.269630090909093,0.3080187681818182,59.10989,-0.2863616681818182,44.09255818181818,-0.0559025909090908,46.59248272727273,0.5095755039187828
Ghana,Sub-Saharan Africa,2246.62557816432,5774.3338132172,4.22918126352458,,,,,,,,,,0.611,-0.1498849363636363,52.40664181818181,-0.0984853136363636,51.252795909090906,-0.0125131136363636,45.17716727272727,-0.0935951227272727,49.94265727272728,0.0034671909090909,54.29643727272728,0.3556264227272727,59.34697590909092,0.5392704407819746
Guinea,Sub-Saharan Africa,1058.14336817356,2675.59369518887,2.69338419991574,,,,,,,,,,0.477,-1.014876590909091,15.24578622727273,-1.0356045863636365,14.51389759090909,-1.225582627272727,14.562658818181818,-0.9478856181818182,17.340298545454548,-1.3204388636363635,7.833813,-1.053930268181818,17.890300454545454,0.2638393071885856
"Gambia, The",Sub-Saharan Africa,772.045914215139,2319.00114098602,3.09684344959481,,,,,,,,,,,-0.5665004590909092,33.749810454545454,-0.638999740909091,29.656975000000003,0.1477376681818182,51.04709136363636,-0.4621668181818182,35.10821681818182,-0.4075160818181818,39.078545454545456,-0.9037701363636366,22.03570477272727,0.4209781633237378
Guinea-Bissau,Sub-Saharan Africa,749.453747028806,2021.30194281608,1.96420146424497,,,,,,,,,,0.48,-1.274324,7.977254045454544,-1.3094425454545455,8.72766281818182,-0.7072816090909091,24.278133954545453,-1.1312897181818184,12.556697090909092,-1.360426590909091,7.102715863636362,-0.7971274727272726,25.271502272727272,0.2646079449757689
Equatorial Guinea,Sub-Saharan Africa,8419.9333361253,19285.0362474418,-9.23893172984212,,,,,,,,,,0.592,-1.576425681818182,1.3172031454545452,-1.476388704545455,5.248831727272727,-0.0323203772727272,44.65884272727272,-1.4250722727272729,6.614120454545456,-1.3903584090909091,6.715490136363636,-1.8103848181818176,3.5419334090909094,0.2174276017748681
Greece,Europe & Central Asia,19133.7577636254,30356.2663953863,1.91089104761153,0.5377021634110482,39.73,52.59,57.31,56.22,10.12,33.8,51.94,94.18,0.888,0.1604084045454545,62.03156227272728,0.5153327772727272,69.70705181818184,0.2270882363636363,53.65201272727273,0.6425886136363638,71.7767090909091,0.5808016590909092,69.65565318181817,0.8907410954545455,75.61477727272728,0.6649257660721827
Grenada,Latin America & Caribbean,10827.4352905074,17580.9007123125,0.238209642532624,,,,,,,,,,0.779,0.5015869181818183,70.29487772727272,0.1569144272727272,59.16516045454545,0.7227516363636364,71.65284727272726,0.2360809954545454,59.27591454545455,0.2527096727272728,61.1239,0.7314808681818182,69.94002181818182,0.6475964867253063
Greenland,Europe & Central Asia,53041.303310196,,1.31347118082863,,,,,,,,,,,1.1834839999999998,84.24732583333332,0.9099400833333332,77.89292250000001,1.8710810833333336,99.96050583333331,1.3601579166666664,89.15031500000002,1.7278464166666665,93.8005475,1.2770015,91.74563,0.8865305554164771
Guatemala,Latin America & Caribbean,4638.63494319511,9019.25606239135,2.25871189837592,,,,,,,,,,0.663,-0.7266171318181818,27.18350363636364,-0.6276047454545455,29.99024090909091,-0.7174849181818183,23.397594545454545,-0.2020309,46.42294,-1.0365861863636363,15.526076363636369,-0.3050719045454546,38.11714590909091,0.3882673022363286
French Guiana,,,,,,,,,,,,,,,0.94712515,80.79734681818184,1.0442805636363637,82.08242045454544,0.2583387909090909,54.69446181818181,1.123397386363636,83.13946727272727,1.0260403954545454,81.45986090909092,0.854601409090909,76.60360181818182,0.758231363127479
Guam,East Asia & Pacific,38040.5869870588,,1.60428373280827,,,,,,,,,,,0.9588416058823528,80.55787352941176,0.2301921058823529,62.45164294117647,0.6817631294117646,68.67174764705881,0.4517266411764706,66.80040411764708,1.1829518823529412,85.96451411764707,0.8483532769230767,75.00869461538463,0.720691134404475
Guyana,Latin America & Caribbean,6609.51127954588,13635.4261279368,4.84549740758746,,,,,,,,,,0.682,-0.4657807,38.34614318181818,-0.2287158818181818,46.62964727272726,-0.3624927181818181,34.39021272727273,-0.4669874681818182,35.45941909090909,-0.4756672363636363,37.46793545454546,0.1812307,53.911475,0.4632256383131429
"Hong Kong SAR, China",East Asia & Pacific,48354.473367413,62106.1008812827,-2.41839561224405,,,,,,,,,,,1.7083968636363636,92.32547409090913,1.6823001818181818,93.88150772727272,0.872236959090909,78.28248500000001,1.9367280454545457,98.90967227272726,1.5030139454545457,89.67099999999999,0.4030315090909092,60.25328045454546,0.8771949398513917
Honduras,Latin America & Caribbean,2556.45689068459,5978.76439909738,0.982661679905576,,,,,,,,,,0.634,-0.8467512454545456,21.343359545454543,-0.6421862909090909,29.21030227272727,-0.4292281500000001,31.351702272727263,-0.3769049181818182,38.79002500000001,-0.9543349409090908,18.270998181818182,-0.3574382454545455,36.60646772727272,0.3886240354576568
Croatia,Europe & Central Asia,15311.766903695,30576.6192715516,4.05697922398092,0.7475320310859064,47.55,75.87,64.06,48.94,13.92,26.89,31.19,89.05,0.851,0.0580207863636363,58.14194045454545,0.4856395681818182,68.9990518181818,0.5505598409090909,64.8397690909091,0.3958349636363636,65.03025590909091,0.1202729818181818,57.12840181818182,0.4500808818181818,61.72685045454545,0.6250246934134349
Haiti,Latin America & Caribbean,1312.77063606676,3203.30003894468,-2.90574712035101,,,,,,,,,,0.51,-1.2960689545454545,7.504940227272727,-1.621927159090909,3.755840559090908,-1.018385209090909,17.183694272727273,-1.0495259136363635,14.881297681818175,-1.333703540909091,7.716006068181818,-0.8164018681818181,24.57051795454545,0.2414102324587638
Hungary,Europe & Central Asia,16735.6597794761,33514.9417935891,4.60139046418905,0.593082685710285,51.98,65.71,53.44,40.66,10.88,35.55,47.89,80.29,0.854,0.4120453,68.29859954545456,0.7189382681818183,74.73260136363636,0.8431741590909091,74.84974545454544,0.9403006863636364,78.97364136363636,0.7432750136363637,74.49295454545455,0.8310310727272725,73.78273727272727,0.7263197743733834
Indonesia,East Asia & Pacific,4135.20153132694,12311.5032732923,3.87144414151346,0.265490443184205,21.07,53.88,60.44,35.85,21.92,43.46,67.17,68.48,0.718,-0.6917120636363636,28.20221772727273,-0.2261068181818182,46.001853636363634,-1.0253514181818182,18.27097727272728,-0.3072040136363635,41.640345454545454,-0.5819120090909092,33.0282309090909,-0.1000673045454545,45.480239090909095,0.416759346111996
India,South Asia,2100.75146060805,6997.86398824082,2.99266440573042,0.4099278862983966,49.72,55.37,65.66,24.43,10.16,46.52,73.05,65.13,0.645,-0.3710943500000001,42.85495636363636,-0.0097206181818181,54.97130681818181,-1.1025296545454544,14.563925272727271,-0.33984965,40.31450227272728,0.05682245,56.003136363636365,0.4036274545454546,60.12302,0.4822331609892408
Ireland,Europe & Central Asia,80886.6157387104,87379.6929656668,3.49190099133891,0.7146957922005182,82.27,54.52,52.34,76.05,6.51,37.93,34.81,89.13,0.955,1.5968936363636366,91.6276881818182,1.5190344545454548,89.8219259090909,1.1366538727272726,87.62081590909092,1.6730956818181817,94.9330359090909,1.6209548181818183,92.6064409090909,1.3568369545454546,93.02153454545454,0.9104723402916746
"Iran, Islamic Rep.",Middle East & North Africa,3114.62275284063,12913.1628381469,-8.03628627377611,,,,,,,,,,,-0.6565184272727271,29.917364090909096,-0.5036786272727272,35.83352727272728,-1.0552111909090909,16.495996500000004,-1.439801909090909,6.743244409090911,-0.8359979863636365,22.311365,-1.3694672272727275,11.029248772727271,0.294608948199372
Iraq,Middle East & North Africa,5980.6269179797,11398.043737084,3.59562006701191,,,,,,,,,,0.674,-1.368877318181818,5.262250881818182,-1.4537957727272728,6.8554145090909095,-2.2841230909090906,2.939265922727273,-1.4186815,7.892683795454545,-1.6059317727272728,3.3869272636363634,-1.2933004772727277,13.473332331818185,0.1459407762424976
Iceland,Europe & Central Asia,68941.4622272394,58290.0968315122,0.206935274875605,0.908912693411748,77.06,76.47,66.36,94.86,6.36,19.77,15.83,68.81,0.949,2.012682090909091,95.88047409090908,1.7096884545454545,93.8178981818182,1.3711423636363638,95.8011018181818,1.3503376863636365,88.56564227272727,1.7605696818181815,94.75723045454544,1.4365017727272726,95.03895545454549,0.9412340326152568
Israel,Middle East & North Africa,43951.2477305677,40004.0305112173,1.81135890882076,0.6554645382622698,75.58,67.88,73.83,88.05,13.51,36.37,57.72,94.01,0.919,0.9383073545454544,79.84117272727273,1.2219382954545452,85.59685181818182,-1.1543304863636363,13.572519000000002,1.1360609590909092,83.5905009090909,0.9869799318181816,80.4124709090909,0.6723657409090908,68.69647545454546,0.6976441685718539
Italy,Europe & Central Asia,33641.6337513622,44334.2003275855,1.57473771632701,0.6205279003010571,61.74,54.8,66.79,66.47,8.61,33.75,54.14,91.45,0.892,0.3223273727272727,65.88544818181818,0.5388009409090909,70.56034863636363,0.5366525045454547,64.39870318181819,0.8426577227272727,76.48584545454545,0.5087078772727273,66.8976818181818,1.0207958727272728,79.94220545454546,0.69633522122738
Jamaica,Latin America & Caribbean,5369.4983713849,10190.4746507783,0.432912116838111,,,,,,,,,,0.734,-0.1981008136363636,50.71975681818183,0.2118074409090909,62.37254409090909,-0.0201911681818181,45.57094272727272,0.2114743181818182,59.66461636363636,-0.3253033818181818,43.82116272727272,0.5763471909090909,66.11878772727272,0.5581006613935732
Jordan,Middle East & North Africa,4405.48710929391,10497.2979196497,0.579046462795702,0.4304417839389484,31.34,59.76,65.57,49.19,8.02,41.25,76.26,89.05,0.729,0.1582815681818181,61.50110045454544,0.1012184318181818,58.84434818181817,-0.3489145909090909,33.91481681818182,0.1809836727272727,58.73012363636364,0.3082127727272727,62.00310318181821,-0.6643005772727272,29.267968181818187,0.5280439398104487
Japan,East Asia & Pacific,40777.6086970512,42616.5711388733,0.480088200168893,0.8194356927816284,87.11,77.88,80.49,77.03,11.02,40.65,38.82,85.27,0.919,1.3897787454545454,88.45496454545456,1.4543854909090908,89.89605318181817,1.0450059636363631,84.68279272727274,1.1095082818181816,83.14916045454545,1.381094090909091,88.60569181818181,1.011654218181818,79.47781045454546,0.847399828141806
Kazakhstan,Europe & Central Asia,9812.5958082732,27466.2206186576,3.16101154004124,0.2893649793460757,32.23,46.55,59.99,28.68,10.48,34.73,73.4,39.78,0.825,-0.8984361681818182,19.68831409090909,-0.4017559999999999,39.11934636363636,0.0947724681818181,49.83643318181817,-0.2592879954545454,43.73069772727273,-0.7523836545454546,26.63770590909091,-1.120123890909091,16.534398636363633,0.3998711720721188
Kenya,Sub-Saharan Africa,1912.64786680344,4641.08037691904,2.62208684536643,0.2807533431351957,32.18,43.79,63.4,33.92,24.24,53.98,69.34,99.79,0.601,-0.972042981818182,16.75111681818182,-0.4988410818181819,35.82736136363636,-1.1755306409090909,13.37139459090909,-0.256362559090909,44.09518727272727,-0.7626690045454545,25.779895,-0.3336342863636363,37.03251954545455,0.372262487447134
Kyrgyz Republic,Europe & Central Asia,1374.03210467421,5480.7426980282,2.43933520707868,,,,,,,,,,,-1.1074435863636365,12.2892445,-0.6762911363636364,27.870059545454545,-0.7292658772727272,24.177505909090915,-0.3572491727272727,39.840315,-1.017235381818182,16.486856454545457,-0.7436025363636364,25.954145454545458,0.345899290359894
Cambodia,East Asia & Pacific,1643.12138876539,4574.40302707687,5.51680828875165,,,,,,,,,,0.594,-1.1570604636363635,10.92416968181818,-0.8069338863636364,21.959236818181814,-0.3537523727272727,35.355073636363635,-0.4468664727272727,35.52720227272727,-1.0980981136363634,13.528173636363634,-0.9867310090909088,20.40147272727273,0.3367909658766882
Kiribati,East Asia & Pacific,1601.86186855285,2439.36493007912,2.36588746035582,,,,,,,,,,0.63,0.0892035904761904,59.00071761904761,-0.5217599333333334,34.008960952380946,1.1705916722222225,90.14394944444444,-0.9753357523809524,17.157568,0.3920727136363636,64.60536045454545,0.8648639636363636,75.48401363636364,0.5816104722132
St. Kitts and Nevis,Latin America & Caribbean,22046.6899120796,29812.5950020944,4.01450533666139,,,,,,,,,,,0.6134406047619047,71.95974666666667,0.3924866809523809,66.02397571428571,0.9195233,79.20128666666666,0.4683051285714286,67.48339285714285,0.635217490909091,70.96768045454547,1.0045342227272729,80.1484940909091,0.7073294319769258
"Korea, Rep.",East Asia & Pacific,31936.7963534728,43044.7252005285,2.04137465106872,,,,,,,,,,,0.5076108181818182,70.17217318181818,1.0369111272727274,81.3791059090909,0.3888488636363637,59.21700818181818,0.8735242909090911,76.84219409090909,0.9906193090909092,80.73322,0.7093486181818182,69.64692318181818,0.7270747263573515
Kuwait,Middle East & North Africa,32373.2511220507,51962.0477631393,-1.23785408626549,0.4543863334033466,78.57,66.59,59.42,48.68,12.26,33.34,66.15,20.22,0.806,0.21645585,62.48440454545453,0.0164234818181818,55.1948340909091,0.250311209090909,54.85355,0.1365197909090909,57.181665,0.4162508818181817,64.44001590909092,-0.519398290909091,32.736075,0.5606255487442062
Lao PDR,East Asia & Pacific,2635.80001503359,8220.1788729593,3.86974764056176,,,,,,,,,,,-1.053698140909091,14.036184681818185,-0.7732069681818181,23.457866363636366,0.0040592727272727,46.39290772727273,-1.0185756363636362,16.638804818181818,-0.9574807954545456,18.16010140909091,-1.6532786818181815,5.707249818181818,0.3116486590442959
Lebanon,Middle East & North Africa,7578.17236808171,15179.5802077558,-7.1071537327247,0.3284324021564097,35.12,53.13,62.75,69.62,12.2,38.53,89.27,94.74,0.744,-0.8319623363636364,22.62238454545454,-0.3940283727272727,40.844516818181816,-1.358333627272727,12.714615727272728,-0.2376244363636363,44.4910009090909,-0.6121339090909091,30.85074863636364,-0.436689409090909,34.414260909090906,0.3776146759275822
Liberia,Sub-Saharan Africa,672.340499220841,1531.92018587052,-4.80612732385613,,,,,,,,,,0.48,-0.9195652772727272,20.102759813636364,-1.3985370909090908,6.931764999999999,-1.0500628045454548,19.33628063636364,-1.2818485772727275,10.7221185,-1.196158031818182,13.107964981818183,-0.4702198045454545,33.518885727272725,0.2755994532355899
Libya,Middle East & North Africa,7685.94813248318,15815.8769077968,1.03987886556195,,,,,,,,,,0.724,-1.2387236954545455,10.060308259090908,-1.336124277272727,9.20685981818182,-0.9043280636363636,29.62399109090909,-1.728025259090909,4.9414929090909085,-1.2727533863636364,11.524025136363637,-1.591637822727273,7.466650499999999,0.2023839702586571
St. Lucia,Latin America & Caribbean,11591.0804756999,15843.7159877551,-0.558717236775081,,,,,,,,,,,0.7388477190476191,74.78357238095238,0.3550347666666666,64.8447819047619,0.864045068181818,76.85650636363636,0.431158419047619,66.53052190476188,0.6929630136363637,72.81776,1.0633527636363636,82.81352727272726,0.7119969300190562
Liechtenstein,Europe & Central Asia,175813.875592058,,,,,,,,,,,,0.919,1.644746590909091,91.83163636363636,1.7330698636363635,93.97476272727272,1.4197662272727272,97.07787863636364,1.515618681818182,92.56443272727272,1.5126726454545454,90.52185727272727,1.4089479545454544,94.03962681818184,0.9242941976071444
Sri Lanka,South Asia,3852.26560287415,13622.8604484357,1.63141197879588,0.1081005391024294,19.27,58.79,72.1,31.29,45.97,57.1,60.18,59.11,0.782,-0.2686364727272727,47.98998772727273,-0.162761,49.25066000000001,-0.8622141181818183,23.97182231818181,-0.1063326136363636,50.08247636363635,0.0386567727272727,55.40965090909092,-0.2879669045454546,38.67142727272728,0.4702818422081026
Lesotho,Sub-Saharan Africa,1113.37214033581,2693.19837267117,-1.17546799781275,,,,,,,,,,0.527,0.0273474454545454,57.80118727272727,-0.4287970363636363,39.02594954545455,-0.0148950772727272,45.202945909090914,-0.4973833318181819,33.17506,-0.1614418909090909,48.59797499999999,-0.0589584545454545,46.23521772727273,0.4917695236625133
Lithuania,Europe & Central Asia,19575.768481407,38540.7814542339,4.85094975391134,0.7659455296506336,58.74,66.72,71.94,45.65,10.98,26.03,26.74,67.76,0.882,0.4125067636363635,67.96005,0.7739917090909092,75.2754859090909,0.7526056136363638,71.9946090909091,1.0620920454545455,81.70211545454546,0.7568324363636364,73.26407590909092,0.9246248681818184,75.76093772727272,0.7344075505206592
Luxembourg,Europe & Central Asia,113218.713349678,117341.915064354,1.27627264670255,0.8484912133305327,98.84,64.29,70.79,80.5,13.55,32.71,23.92,82.62,0.916,1.9983436363636364,95.49040181818182,1.7738066363636364,95.1085518181818,1.4045688636363638,97.04579545454546,1.7367622272727272,96.35298681818182,1.813895,96.32322909090908,1.548784318181818,97.53327136363636,0.9677320265214772
Latvia,Europe & Central Asia,17926.841589919,31883.2591148032,3.19932008209607,0.6887208569628229,51.65,61.35,62.43,48.45,8.13,31.21,32.72,74.7,0.866,0.2938200227272727,64.68404954545454,0.7223464636363638,73.89843909090911,0.519115790909091,63.48825454545455,1.0131499863636364,80.26938045454544,0.6997413818181818,71.97034545454545,0.8005493772727273,72.17063090909092,0.7079641269060953
"Macao SAR, China",East Asia & Pacific,86197.3656943949,132654.896700257,-3.85348568225642,,,,,,,,,,,0.5682021409090909,72.05944727272727,1.113508118181818,83.25931954545455,0.8783448363636364,78.2049231818182,1.2738776772727272,85.80742363636362,0.7158210681818182,72.25999000000002,0.1442840636363636,52.10612363636363,0.7348824359470129
Morocco,Middle East & North Africa,3235.00066048238,7865.90652398288,1.3403970411036,0.385773296926416,34.36,50.93,46.69,33.83,12.6,36.3,69.34,90.04,0.686,-0.2499530090909091,48.30984590909091,-0.12105235,50.905809090909095,-0.3480318227272727,34.04123454545454,-0.1656875272727273,48.31528545454546,-0.1140880818181818,50.64673727272727,-0.6226912727272726,30.09902909090909,0.4714394017783047
Monaco,Europe & Central Asia,189487.14712838,,6.12377017891215,,,,,,,,,,,,,,,1.1210331944444445,86.68753333333332,,,0.8917695266666666,78.61140066666667,0.9140325272727274,76.22626590909091,0.7832547102751806
Moldova,Europe & Central Asia,4491.6888269382,13577.4065771993,5.36569849707125,,,,,,,,,,,-0.7137929000000001,26.95001136363636,-0.5774534545454546,32.35578954545454,-0.2228688727272727,38.13343636363636,-0.1723803,47.52372863636364,-0.3835433636363636,40.82058909090909,-0.1689364863636363,42.409186363636366,0.4456825439827207
Madagascar,Sub-Saharan Africa,522.989524271408,1687.06922724222,1.67412016147502,,,,,,,,,,0.528,-0.5587013136363637,34.86965272727272,-0.8328705318181817,23.590360090909087,-0.2523782909090908,37.50666409090909,-0.5329797227272727,33.44936227272727,-0.6227801454545454,30.814824545454545,-0.3294111772727273,38.21133227272727,0.4085514928736563
Maldives,South Asia,10561.6135113508,20335.5893322004,3.81320120539183,,,,,,,,,,0.74,-0.5184331954545456,36.03010636363636,-0.0434974818181818,52.177044090909085,0.3945125909090909,59.86900954545454,-0.0165355272727272,50.085001818181816,-0.2993354727272727,43.111382727272726,-0.6080273818181818,30.088261363636366,0.4935553546971272
Mexico,Latin America & Caribbean,9950.45008048459,19863.0272301481,-1.26011567224396,0.5073163901141217,38.62,46.32,72.83,35.35,8.69,39.29,58.46,84.01,0.779,-0.4780830181818183,38.14670727272727,0.1544822818181818,59.32810136363637,-0.6098796954545455,26.253769545454546,0.2967807772727273,62.43820863636363,-0.5120205681818182,35.616126818181826,0.1069889545454545,51.65986954545454,0.4956237243799943
Marshall Islands,East Asia & Pacific,4073.10982973584,4219.79343990091,5.95717198589657,,,,,,,,,,0.704,-0.3214356047619047,44.94887095238094,-1.2810369904761905,9.843768285714283,0.9574482111111112,81.25391777777776,-0.9091942523809524,18.856053333333332,-0.0454578181818181,52.29745727272728,1.1653506,86.85347909090909,0.520960698769053
North Macedonia,Europe & Central Asia,6070.38805358275,17565.2204712152,3.88655214622943,0.4001960372470768,35.44,59.13,55.83,31.38,12.49,26.3,79.69,76.3,0.774,-0.3397539227272727,44.30000590909091,-0.1490002727272727,48.93250909090909,-0.4724010272727273,31.528518181818185,0.1835628318181818,58.40282409090909,-0.3014422045454545,44.46090681818183,-0.0559276272727272,46.42744136363637,0.4917347397659042
Mali,Sub-Saharan Africa,879.043187300812,2419.88684123378,1.66395525277679,,,,,,,,,,0.434,-0.6753858636363637,29.143007272727274,-0.8675243181818181,20.758065,-0.6773013090909091,33.046614772727274,-0.4689800227272727,34.56682545454545,-0.4814710363636363,36.58740090909091,-0.0449206636363636,47.132957727272725,0.4049448633686463
Malta,Middle East & North Africa,30186.1959621979,45937.7001684606,1.47093023044587,0.3994959042218021,44.18,59.18,45.56,67.84,13.11,29.1,81.02,97.44,0.895,0.7780517500000002,76.3365159090909,1.0415855772727272,81.35384999999998,1.2457731727272727,92.13817863636363,1.18593655,84.9126609090909,1.3028923909090908,87.2597009090909,1.188332,87.74077818181819,0.8203338339639841
Myanmar,East Asia & Pacific,1271.1115749486,4940.15249914319,6.08461268337797,,,,,,,,,,0.583,-1.2204319090909088,10.919651872727274,-1.3323275863636364,7.226593863636364,-1.177687459090909,13.831475363636365,-1.6846038272727275,7.0400849,-1.3946655636363638,6.663887081818182,-1.681320709090909,7.556562899999999,0.1848874916548833
Montenegro,Europe & Central Asia,8910.65083414613,23097.316823303,4.09623694324546,,,,,,,,,,0.829,-0.1565178714285714,52.259926190476186,0.08862488125,57.80101125,0.31137654,56.76229133333334,0.071619775,56.25068124999999,-0.028480619047619,53.12751,0.0794772285714285,50.99621047619047,0.5543492186383886
Mongolia,East Asia & Pacific,4404.84583020208,13014.1129028497,3.80294008233133,,,,,,,,,,0.737,-0.4384057227272728,39.01060681818182,-0.3925513818181818,40.39595227272727,0.7137030681818182,70.63080954545454,-0.219534859090909,46.30653227272728,-0.1861975636363636,47.922067727272726,0.2621387409090909,56.622910909090905,0.5281970700692253
Mozambique,Sub-Saharan Africa,506.641639083046,1335.98641094402,-0.616865368058384,,,,,,,,,,0.456,-0.5971836045454547,32.58375318181818,-0.5998364136363636,31.82104,-0.1061272181818181,42.44829318181818,-0.5067709954545455,32.70130454545454,-0.7527371500000001,26.27720227272727,-0.2298609318181818,41.241944545454544,0.4225924426823241
Mauritania,Sub-Saharan Africa,1743.30290093768,5569.9952623887,2.89992206394601,,,,,,,,,,0.546,-0.6417730727272727,30.03438954545454,-0.6358926227272726,29.90941636363636,-0.427499309090909,32.71885590909091,-0.5504593999999999,31.61662227272728,-0.7253858454545454,26.43239318181818,-0.8469864045454544,24.235987272727275,0.3793989868862141
Martinique,,,,,,,,,,,,,,,0.9379405227272728,80.68662863636364,0.8509824500000001,77.60546454545452,0.7533310681818182,73.83282045454546,1.003570281818182,80.46069090909091,0.8375169954545455,77.26820227272728,0.6263900733333333,67.32128533333334,0.7480510999339833
Mauritius,Sub-Saharan Africa,11097.168977137,23836.9168863905,2.97917002128392,,,,,,,,,,0.804,0.3523447090909091,66.46869363636362,0.7522133772727273,75.00035636363636,0.9054766090909092,78.30509272727274,0.764973109090909,74.06125818181819,0.9195325,79.73784590909092,0.8484369727272726,73.25717318181819,0.7285811762621512
Malawi,Sub-Saharan Africa,591.846389556646,1602.14678205936,2.69981228160685,,,,,,,,,,0.483,-0.5799820227272727,33.26938,-0.5917820954545454,31.767355909090902,-0.0829418318181818,42.651195,-0.5691562409090909,30.99818454545454,-0.2569794090909091,45.35749545454546,-0.1969699863636363,41.570296363636366,0.4440625517777659
Malaysia,East Asia & Pacific,11432.8229973018,29623.4051587405,3.0608088603617,0.4588671847651053,55.3,44.29,70.14,37.02,9.78,37.22,62.11,57.48,0.81,0.2259004636363636,62.89680045454545,1.0116216,80.3791959090909,0.2126306409090909,53.2886,0.6115526818181818,70.52911772727272,0.48233755,66.19758363636366,-0.3647251590909091,36.15414909090908,0.6299847876135048
Namibia,Sub-Saharan Africa,5009.68590391401,10227.5826241438,-2.72466136719636,,,,,,,,,,0.646,0.3568533727272727,66.57175454545454,0.1424907909090909,59.78476181818183,0.6905571909090908,69.66035136363637,0.0781372727272727,55.455058636363646,0.2158484909090909,60.13316954545455,0.41993155,60.74951727272728,0.6184927697351755
Niger,Sub-Saharan Africa,554.099389259855,1276.15388335024,1.99706262597826,,,,,,,,,,0.394,-0.7327057772727272,26.11668863636364,-0.7562647000000001,24.400864318181814,-0.7902380772727273,23.497202909090905,-0.6110336545454544,29.14901590909091,-0.5990671363636363,32.67204136363636,-0.4584041045454546,34.41137136363636,0.3744051865133571
Nigeria,Sub-Saharan Africa,2229.8586518613,5352.67942303108,-0.379752402189268,0.0,9.34,36.16,48.49,30.49,16.11,61.97,88.32,60.75,0.539,-1.149053009090909,11.05448388636364,-1.029817540909091,14.519348636363636,-1.808705222727273,6.490540954545455,-0.8848178318181816,19.580569681818183,-1.1211822363636363,12.900049272727273,-0.6817972272727274,27.975541363636363,0.2606250977080647
Nicaragua,Latin America & Caribbean,1926.69969398276,5682.21597760341,-4.85210864564721,,,,,,,,,,0.66,-0.7859692590909091,24.274984090909086,-0.7868574090909092,22.635499545454547,-0.3345667363636364,34.82798090909091,-0.4107861227272726,37.61998818181819,-0.7699643681818181,25.694702727272727,-0.4044741181818181,36.171105454545454,0.393388786526783
Niue,,,,,,,,,,,,,,,-0.4679181599999999,38.86782000000001,-0.9923246,15.793552,1.2267526800000002,92.061162,-0.93646054,20.26214,-0.7642218599999999,26.20297,0.238475275,56.05433875,0.4683445500025083
Netherlands,Europe & Central Asia,52476.2732533327,59004.3249664016,1.28988912106223,0.930756843800322,87.99,72.12,75.56,75.66,7.15,27.4,25.07,87.11,0.944,2.034766181818182,96.08267954545455,1.876567863636364,96.93077590909093,1.0722351363636362,84.2821490909091,1.8261932727272725,97.63783909090913,1.8036134545454543,95.98232954545456,1.5380370454545458,97.47016909090908,0.9625283686336904
Norway,Europe & Central Asia,75719.7528965342,66799.1647159421,0.0679926261787642,0.8678148848281172,83.11,66.15,76.83,100.9,8.04,26.91,17.95,68.68,0.957,2.123565545454545,97.31377227272728,1.904615409090909,97.3157681818182,1.2845527272727273,94.20828772727272,1.5216664545454548,91.83061318181818,1.955241045454546,99.07671999999998,1.6194655909090911,98.99002636363636,0.9732776664279827
Nepal,South Asia,1194.95687572575,4119.92233935514,4.74451271488148,,,,,,,,,,0.602,-0.6854748318181817,28.14858272727273,-0.799651709090909,22.78782318181818,-1.2255837727272727,15.139691545454545,-0.6364806136363638,28.35575,-0.6000863818181819,31.27810363636364,-0.4867855863636364,32.891625909090905,0.354117874003628
Nauru,East Asia & Pacific,11029.7355824213,14099.4853537362,-0.798959494611665,,,,,,,,,,,-0.3658091857142858,42.61008214285714,-0.4422176142857142,37.58847285714285,0.9559815,80.92359444444445,-0.8051487,23.9212355,0.2213167045454545,56.07869954545456,0.8840468136363636,75.68483136363638,0.5577726239910564
New Zealand,East Asia & Pacific,42755.2162634522,45437.8889864425,0.0275641486978628,0.8707554435342715,83.63,56.7,73.32,74.52,7.96,30.78,23.62,96.69,0.931,2.2740313181818186,99.09677272727276,1.7631458181818185,94.72522363636368,1.3629345454545454,95.55642409090908,1.8461620909090903,98.08624909090908,1.8884050909090908,97.80463363636365,1.5634735,98.1383977272727,0.9853347547769816
Oman,Middle East & North Africa,17700.7034900714,32607.0154687216,-4.02112716672669,0.8488412798431701,84.24,80.01,58.23,49.42,4.59,22.76,37.21,67.22,0.813,0.4098306227272728,68.41062681818183,0.3083275818181818,64.00066727272727,0.7734495136363635,72.69005681818183,0.4619233863636364,66.633195,0.4812255681818182,66.1723909090909,-0.9858128363636364,20.431503636363637,0.5995183718980788
Pakistan,South Asia,1288.55632450434,4896.39314506171,-0.880818100199619,0.3509766855702583,26.63,57.99,59.58,19.92,14.33,37.84,73.67,70.36,0.557,-0.9314007545454548,18.45362418181818,-0.6123956727272727,30.915768636363644,-2.112528136363637,4.485815945454546,-0.6442720590909091,27.1806,-0.8019328090909089,23.61963136363636,-0.8615658454545454,23.90227727272727,0.2902949471553406
Panama,Latin America & Caribbean,15774.2549406847,32769.870319642,1.29253637338742,0.4332423160400475,33.09,56.08,61.15,51.43,11.18,37.12,58.72,67.84,0.815,-0.3461811863636364,44.328659090909085,0.1352286409090909,59.405973181818176,0.1208046863636363,50.29071454545456,0.4135175954545453,65.5047209090909,-0.1021582045454545,51.13753409090909,0.5242814727272727,64.44780818181817,0.5701750119051698
Peru,Latin America & Caribbean,7027.61220697723,13397.2739160483,0.565474347551628,0.1958972204718896,28.17,32.9,56.2,32.53,19.45,48.76,82.88,97.69,0.777,-0.3532876636363636,44.07929227272727,-0.2609885909090909,45.15399318181818,-0.7261187045454546,24.53398863636363,0.3866543909090909,65.09054863636365,-0.5737527227272728,32.88124090909091,0.0517480999999999,50.31595999999999,0.4775195069983699
Philippines,East Asia & Pacific,3485.3408438977,9291.72691519935,4.68037644699137,0.219141636911013,21.47,57.67,67.53,37.06,29.64,43.11,73.36,69.32,0.718,-0.5641621363636364,33.78776227272728,-0.0144251045454545,54.793114090909086,-1.2010421772727276,14.04070640909091,-0.0630942818181818,52.06635136363636,-0.4051702636363636,39.768772727272726,0.0575612681818181,49.82286363636363,0.4477115979820205
Palau,East Asia & Pacific,15232.4870840509,17957.7677385764,-2.38673482560449,,,,,,,,,,0.826,-0.4753943307692308,37.96165999999999,-0.4270304307692307,38.27611923076923,1.045492088888889,84.67696222222223,-0.5909212461538461,31.63429769230769,0.655453759090909,71.72887863636363,1.168784818181818,87.27868181818182,0.5964916783731885
Papua New Guinea,East Asia & Pacific,2820.30639650689,4474.68580450025,2.45900693393675,,,,,,,,,,0.555,-0.9381437545454544,18.235198409090916,-0.6583585636363637,28.5841,-0.6116350636363636,25.849470909090908,-0.5903537590909091,29.32195772727273,-0.8439894772727272,21.910005454545452,-0.0244143227272727,47.63905545454545,0.386119094909241
Poland,Europe & Central Asia,15732.2031311754,33797.7673600747,4.77053944228503,0.6131765035356718,59.95,70.21,57.76,38.95,11.21,31.81,54.74,76.03,0.88,0.5547058318181818,71.78768954545454,0.5664858363636364,71.10896545454547,0.6903392136363636,70.21258727272729,0.8769159727272726,76.96526727272727,0.6181176363636364,69.50948772727271,0.9461128090909092,77.48292545454547,0.7164717631322673
Puerto Rico,Latin America & Caribbean,32850.5486123592,36276.8423610096,1.47401058298671,0.5694181894559966,72.78,37.8,57.72,66.53,4.0,34.16,50.03,71.25,,0.5278526227272727,70.9440559090909,0.5379257954545453,68.76839045454547,0.4150862181818182,60.18234681818183,0.9968398909090908,80.43442363636363,0.7297038636363637,73.54081545454545,0.8123678090909091,73.16083545454545,0.7067566551091797
"Korea, Dem. People's Rep.",East Asia & Pacific,,,,,,,,,,,,,,-1.375019227272727,5.065409681818181,-1.7715336363636365,2.1015385863636364,-0.2189646181818181,38.272476818181815,-2.293094045454545,0.4811780863636363,-1.3866449545454549,7.585169863636364,-2.1832552272727277,0.1544096727272727,0.1541248806874026
Portugal,Europe & Central Asia,23330.817288932,36172.0725393171,2.65839260557085,0.7707064342225023,46.8,69.42,71.97,47.94,12.25,29.85,30.48,97.77,0.864,1.0323696590909093,81.99283954545454,1.0998670909090906,82.83658500000001,1.0156678954545455,82.19040272727274,0.9868339818181816,80.17261227272728,1.1393047727272727,84.59505045454546,1.2373017272727274,88.47779999999999,0.8106885870554997
Paraguay,Latin America & Caribbean,5380.9633218413,13149.0385702748,-1.65407082014168,,,,,,,,,,0.728,-1.0280828363636365,14.735671954545456,-0.8651583136363638,20.17244768181818,-0.5268238409090907,30.291870000000003,-0.460071459090909,34.90339090909091,-0.8208540045454548,23.274333636363643,-0.1720819909090909,42.72278681818182,0.37751872020689
West Bank and Gaza,Middle East & North Africa,3656.85827137011,6509.56833548333,-1.15161366535136,,,,,,,,,,,-0.2350770227272727,48.53987727272728,-0.8187781181818181,22.47897845454545,-1.7756802272727272,6.576582045454544,-0.3958909590909091,38.26877318181818,-0.3547446636363636,41.19567,-0.8465697863636362,24.11612954545455,0.3544233048027706
Qatar,Middle East & North Africa,62276.4286944365,93771.1253057061,-1.1032324087458,0.7147658055030456,93.67,86.22,73.53,62.81,6.18,30.15,59.9,36.03,0.848,0.8190763863636363,77.33103363636364,0.6910711636363637,73.61839272727273,0.9679593227272728,80.95856590909092,0.4718649409090909,67.49947409090909,0.6591325499999999,71.11296363636365,-0.9456254954545454,21.53642,0.6501808163087656
RÃ©union,,,,,,,,,,,,,,,,,,,,,,,,,,,
Romania,Europe & Central Asia,12899.3461112897,31901.4259622325,4.73858787008214,0.5666876706574249,48.12,71.21,56.21,35.24,10.44,33.56,58.64,77.62,0.828,-0.2565073136363636,48.410954545454544,-0.1900694636363636,47.99626136363637,0.2282270136363636,53.85566727272727,0.3946351227272727,65.38448045454545,0.0689733681818181,55.86722318181818,0.4418130636363636,61.566048181818175,0.5677380616231954
Russian Federation,Europe & Central Asia,11497.6492498593,29967.1288518394,2.07881130890352,,,,,,,,,,0.824,-0.9489570590909092,17.695582272727275,-0.3305609090909091,42.88950772727273,-0.941363768181818,17.949299545454547,-0.3708267318181818,38.68302136363637,-0.8381187090909091,22.42570590909091,-0.82635435,25.24939727272728,0.3615379192811341
Rwanda,Sub-Saharan Africa,820.149288558594,2321.71858979003,6.64358394861513,,,,,,,,,,0.543,0.1014731227272727,57.04809,-0.2483240909090909,44.89743409090909,-0.6020831590909091,30.587525454545457,-0.3619478727272728,39.52091045454546,-0.4610516136363634,38.69810672727273,-1.2727626363636362,12.87257618181818,0.4204158375979748
Saudi Arabia,Middle East & North Africa,23139.7979808237,48948.1740036301,-1.32503213598616,0.6798291675418329,91.85,75.28,60.92,50.41,2.79,28.33,63.8,45.98,0.854,-0.0002028727272727,57.221371818181815,-0.0418333045454545,54.10382590909091,-0.3605399318181818,33.741482727272725,0.0184404636363636,53.58372227272727,0.0972638681818181,57.00615818181818,-1.7051154090909093,4.907500136363636,0.4559852731459097
Sudan,Sub-Saharan Africa,610.927861513165,4350.06606227588,-4.48984342796072,,,,,,,,,,0.51,-1.300891759090909,7.370601786363637,-1.334809318181818,7.609564181818181,-2.1693715,3.166170313636364,-1.4117582272727272,6.779187136363637,-1.3522067727272729,7.149704045454545,-1.722644136363637,4.640788636363635,0.1514898419607584
Senegal,Sub-Saharan Africa,1430.14825900162,3503.6175482752,1.57049679945986,,,,,,,,,,0.512,-0.1738521045454545,50.549495,-0.2772039999999999,45.28537727272727,-0.2393558999999999,37.86470136363637,-0.1933851863636363,47.19016136363636,-0.1716230409090909,48.85746227272727,0.0971892409090909,51.21421863636363,0.4991068088895236
Singapore,East Asia & Pacific,65640.7079484985,102573.401768252,0.192150836011294,0.6941818945599664,91.34,72.36,71.07,83.98,17.49,41.22,33.31,57.45,0.938,2.1695929090909094,97.78130545454547,2.1669328636363634,99.22659272727272,1.258846740909091,91.89083045454548,1.9925501363636364,99.184755,1.643453181818182,93.00126636363638,-0.09010305,44.98923363636364,0.9203919386361258
Solomon Islands,East Asia & Pacific,2344.04897615315,2773.51236296948,-1.35921200161332,,,,,,,,,,0.567,-0.2337711272727273,48.07512772727273,-1.0793548666666666,15.373303000000003,0.2964123181818181,56.0718690909091,-1.1604687666666669,13.05434523809524,-0.4533665045454546,37.17803727272727,0.2454823863636363,55.69030045454545,0.4395885769413283
Sierra Leone,Sub-Saharan Africa,521.754836722241,1777.30389283304,3.05763409073658,,,,,,,,,,0.452,-0.8128402909090908,23.02705909090909,-1.219642227272727,9.434819318181816,-0.5012698727272727,32.71804586363636,-0.9802922227272728,17.278540999999997,-0.974484059090909,17.60888440909091,-0.3680958909090908,35.92974636363636,0.3364913696513409
El Salvador,Latin America & Caribbean,4167.73093878563,9147.26106629205,1.86206594609182,,,,,,,,,,0.673,-0.4648816636363637,39.07537590909091,-0.2882400545454545,43.95027727272728,-0.0209396,45.025597727272725,0.1295039672727272,57.282647727272725,-0.6607317318181818,29.69684136363637,0.0597964999999999,50.214875000000006,0.4871241372945945
San Marino,Europe & Central Asia,47731.2085399347,63420.3271352174,2.13285251799644,,,,,,,,,,,,,,,1.046032127777778,84.67696333333333,,,0.8917695266666666,78.61140066666667,1.1948402272727272,88.08283727272726,0.8004245190455239
Somalia,Sub-Saharan Africa,419.39480767891,1236.62580507746,5.03920506752881,,,,,,,,,,,-1.6305672272727272,1.2395074227272729,-2.1486499999999995,0.4800837227272728,-2.6463898636363643,1.2006593,-2.302979727272727,0.6132739045454545,-2.308642681818182,0.0218531454545454,-1.8861309090909093,2.8954791227272723,0.0
Serbia,Europe & Central Asia,7417.20364852201,18842.5260621411,4.89309425558007,0.4536161870755443,37.83,61.71,52.49,36.21,16.52,30.85,62.9,83.23,0.806,-0.4818527954545454,38.89193972727273,-0.2209156272727272,45.83054363636364,-0.4469817545454546,33.85812872727273,-0.2364503909090909,43.94925136363637,-0.524754118181818,36.50224454545455,-0.0257346136363636,47.18593181818182,0.4582919386767773
South Sudan,Sub-Saharan Africa,,,,,,,,,,,,,0.433,-1.5423330090909089,3.374202672727272,-2.1432834,0.47530073,-2.1334053,4.217594200000001,-1.8098461,3.345561300000001,-1.7703155,2.32304088,-1.652921,5.7780268,0.0780565448182153
SÃ£o TomÃ© and Principe,Sub-Saharan Africa,,,,,,,,,,,,,,,,,,,,,,,,,,
Suriname,Latin America & Caribbean,6853.69341077988,19841.8078062205,0.163586537511492,,,,,,,,,,0.738,-0.0793336045454545,53.59589181818182,-0.2708772318181818,44.70519181818182,0.2162977318181818,53.77677136363637,-0.5877880045454547,29.11858045454545,-0.1094115227272727,50.66897454545455,0.3641402863636364,59.514089090909096,0.5195989010602631
Slovak Republic,Europe & Central Asia,19303.5456581383,31966.5548434084,2.46660937052457,,,,,,,,,,,0.2392415590909091,63.58953454545454,0.7272755863636363,74.69392909090908,0.8974273727272728,78.37031818181818,0.922186718181818,78.2933959090909,0.4828859636363636,66.40763227272727,0.9017973363636362,74.69871045454545,0.7130569849633546
Slovenia,Europe & Central Asia,25942.9547741436,40670.8778673103,2.53409090453896,0.8163551074704193,59.48,77.35,65.25,53.88,11.5,26.48,22.88,77.56,0.917,0.9161041772727272,79.74209954545454,1.0104786954545455,80.94872818181817,1.0098492454545454,82.75451045454547,0.7967518772727273,75.77258227272728,1.0214260272727274,82.23066818181816,1.0543292227272727,81.79778590909092,0.781388815530523
Sweden,Europe & Central Asia,51939.4297445291,54598.7803541484,0.957561656419784,0.860183434852622,98.14,51.0,68.71,71.74,7.81,29.43,18.32,74.92,0.945,2.191459909090909,98.29386454545455,1.8804478181818176,96.73562590909091,1.188874722727273,90.611095,1.66855,94.93006318181818,1.8947914545454545,97.88414,1.5690351818181818,98.40885772727272,0.9726124334353476
Eswatini,Sub-Saharan Africa,3915.64346723669,9018.85428202091,1.55315112546384,,,,,,,,,,,-0.3152274772727273,45.34662,-0.6750883545454546,27.483443181818178,-0.2089186954545454,38.42509409090909,-0.5048468318181819,33.13608909090909,-0.5484483227272727,34.44904045454546,-1.3608467272727276,10.823450227272728,0.3883515374260461
Seychelles,Sub-Saharan Africa,16213.4807569248,28778.7914423181,0.296482430091345,,,,,,,,,,0.796,0.5049441454545455,70.46529636363637,0.2775426,63.87778545454545,0.8013799545454546,73.4945440909091,-0.3666941999999999,38.96889590909091,0.1663344272727273,58.98803545454544,0.1220333409090909,52.30083454545454,0.6018792042377928
Syrian Arab Republic,Middle East & North Africa,1334.37059333293,,2.98763280226586,,,,,,,,,,0.567,-1.1858478227272726,12.44408278181818,-1.1510374636363636,14.75507445454545,-1.3671432045454546,20.120602931818183,-1.344229122727273,9.965706409090911,-1.0732047636363635,20.36456190909091,-1.7564328181818183,4.485649727272727,0.210463752971575
Chad,Sub-Saharan Africa,709.54004317463,1646.42839054023,0.209664512309331,,,,,,,,,,0.398,-1.3649802727272726,4.962649818181818,-1.3045238863636366,9.696661,-1.4067548863636363,10.339666454545457,-1.0694253,13.770496590909088,-1.3530927727272728,7.199002227272725,-1.290440181818182,12.24444790909091,0.2141628137900983
Togo,Sub-Saharan Africa,893.352454121675,2211.63493452434,2.93818166189259,,,,,,,,,,0.515,-0.8733824681818182,21.077870909090908,-1.2281073636363635,9.862547045454546,-0.4390180272727272,31.604319090909097,-0.7607202045454545,23.62545227272728,-0.8267977000000001,22.70777818181818,-0.96030375,20.412196818181812,0.3268261571695874
Thailand,East Asia & Pacific,7817.00967118918,19233.8659169861,1.97689245743686,0.3397745571658614,31.56,60.69,77.65,43.21,21.74,39.62,75.52,69.45,0.777,-0.3319953,44.76759863636364,0.2933526818181818,64.2923590909091,-0.6932018045454545,26.32525931818181,0.2202389818181818,59.838792727272725,0.0479874863636363,55.467825,-0.4000929727272728,37.11343136363637,0.5030495666891921
Tajikistan,Europe & Central Asia,890.544402355733,3732.86906809322,4.86305682399173,,,,,,,,,,0.668,-1.222689772727273,8.921872727272728,-1.0589540772727273,13.82860581818182,-1.076025318181818,16.400508181818182,-1.1009056409090905,13.546189954545452,-1.2388906363636365,9.903412909090909,-1.459612909090909,8.550835909090909,0.240531509089054
Turkmenistan,Europe & Central Asia,7612.03518009452,16195.5387877252,4.66863745339606,,,,,,,,,,0.715,-1.403998409090909,4.709381681818181,-1.3152673954545453,7.93002540909091,0.1002143636363636,49.08568227272727,-1.9672431818181813,2.572963409090909,-1.465733272727273,5.075758727272727,-2.0503687272727267,1.513105459090909,0.2010990242635875
Timor-Leste,East Asia & Pacific,1583.71357646622,3780.04494563109,17.211410382627,,,,,,,,,,0.606,-0.5397088052631579,35.137513684210525,-1.0296023894736843,14.798324578947373,-0.308880865,36.925143000000006,-1.0743926684210527,14.231658368421051,-1.0263382454545456,16.70960740909091,-0.0263846772727272,48.340975863636366,0.3720027337851269
Tonga,East Asia & Pacific,4903.01213835449,6647.85899850289,-0.517228592727164,,,,,,,,,,0.725,-0.5032578904761906,37.30319133333333,-0.3364229238095237,42.45466904761905,0.7325962111111112,71.14121722222221,-0.623427542857143,28.85529571428571,0.1913337181818181,58.87969181818182,0.2777356954545454,57.03933909090908,0.5281722499745154
Trinidad and Tobago,Latin America & Caribbean,16637.1629387697,26920.144729383,-1.60945212003946,,,,,,,,,,0.796,-0.0487812272727272,55.27985,0.2510687636363636,62.83645636363637,0.0694188772727272,48.890150454545456,0.4008598818181818,64.11371954545454,0.0075492,54.31126136363636,0.571704,65.64345636363635,0.5912956358701607
Tunisia,Middle East & North Africa,3574.65402418454,11899.9563869168,0.278958759643274,0.4349226353007071,27.83,55.71,56.54,27.87,11.75,32.7,70.84,93.24,0.74,-0.1196360818181818,53.170745,0.1941144409090908,59.699101363636366,-0.2891865681818182,36.87866272727273,-0.1675454,47.05365136363636,-0.0388396954545454,52.65300000000001,-0.5339461227272726,32.90408390909091,0.4992399400146657
Turkey,Europe & Central Asia,9121.51516673708,26867.470307977,-0.427943737218101,0.5013652593992858,32.88,60.31,70.83,28.31,10.27,44.18,65.49,93.8,0.82,-0.1165729727272727,52.71039863636363,0.1406519318181817,59.46759318181819,-1.098203377272727,15.759934636363637,0.2273584227272727,60.200198636363645,-0.0358457636363636,52.63444000000001,-0.3061232863636363,39.22676954545455,0.4894916898983777
Tuvalu,East Asia & Pacific,4055.89560959738,4455.54263488144,8.34353517280346,,,,,,,,,,,-0.012240135,56.16505200000002,-0.56362022,32.4426765,1.316276888888889,96.03906055555554,-0.6326446699999998,29.8220356,0.80262945,76.03376545454545,0.9462078045454544,78.17386863636365,0.6165234966165941
"Taiwan, China",East Asia & Pacific,,,,,,,,,,,,,,0.7670848181818183,76.50641636363638,1.13834875,83.48455,0.7842182363636364,72.98774000000002,1.1427595045454544,83.75482090909091,0.9937171818181816,80.41834227272726,0.8746703863636364,74.50436454545455,0.7768779078596583
Tanzania,Sub-Saharan Africa,1085.88486002476,2773.15561377736,2.71933648559543,,,,,,,,,,,-0.5758793318181818,33.87969909090909,-0.5724141590909091,32.962512727272724,-0.3847064045454545,33.18588863636364,-0.4570431272727273,35.19889,-0.4063295772727272,39.59288409090909,-0.3279120227272727,38.0083840909091,0.4254386218020438
Uganda,Sub-Saharan Africa,798.585734133959,2275.21445635946,2.73474072805178,,,,,,,,,,0.544,-0.9325033227272728,18.594138181818185,-0.5243646636363636,35.39219090909091,-1.0179930772727273,16.674982,-0.1726554045454545,48.00053454545455,-0.4261191454545454,40.02792409090909,-0.6439951227272727,28.441660909090917,0.3840027299222221
Ukraine,Europe & Central Asia,3661.45620430228,13346.4758771814,3.79371893400872,0.4165091367359799,37.22,53.06,54.34,30.71,10.92,37.71,62.91,70.69,0.779,-0.9481673090909092,17.079860909090907,-0.6030117409090908,31.02482409090909,-0.6962285863636365,28.437691681818183,-0.5000118499999999,33.34832,-0.7910960681818182,24.41097636363636,-0.1785133227272727,42.51290727272727,0.3840278355403702
Uruguay,Latin America & Caribbean,17688.01500769,24006.7869388827,-0.0101989840723036,0.4888328782468669,30.07,48.56,68.36,52.07,20.08,37.31,45.19,98.04,0.817,1.20158115,85.96123727272727,0.5280170818181819,70.41347545454546,0.8700355363636363,77.48677545454545,0.4766940909090909,67.31653863636365,0.6222826409090909,70.306705,1.0696585363636364,82.50950545454545,0.7379788724356757
United States,North America,65279.5290260953,65279.529026095,1.69701129870931,0.828117342295036,106.34,51.84,69.06,70.13,3.96,32.85,35.33,76.78,0.926,1.444350090909091,89.47007727272727,1.568530818181818,91.00339454545455,0.4398338954545455,60.5753768181818,1.4920715454545452,91.74460454545454,1.5694049545454545,91.46813272727272,1.1512843999999998,85.5450131818182,0.8588313533668352
Uzbekistan,Europe & Central Asia,1784.00981608195,7658.89955894696,3.74451756655768,,,,,,,,,,0.72,-1.151499,10.9327435,-0.864967277272727,20.81367790909091,-0.8256913954545453,23.156782136363635,-1.5263192136363637,5.591795363636363,-1.2488703181818182,9.23292622727273,-1.884276,2.940740831818182,0.2261593552583141
St. Vincent and the Grenadines,Latin America & Caribbean,7460.15336179271,13017.3368299919,0.185859074429359,,,,,,,,,,,0.7122926714285714,75.0520804761905,0.3793249761904761,65.82590428571427,0.9098193045454545,78.85734863636362,0.4093058,65.49248809523809,0.6968601727272727,72.89439681818183,1.004259209090909,79.49729772727271,0.7105978769670785
"Venezuela, RB",Latin America & Caribbean,,,,,,,,,,,,,,-1.1874393636363634,10.842132681818184,-1.1416980909090908,13.09546054545454,-1.1440024681818184,14.759931863636366,-1.4314272863636364,10.798181190909087,-1.6228246818181815,6.468945609090909,-0.8049829409090908,26.16295850000001,0.2332192885251697
Virgin Islands (U.S.),Latin America & Caribbean,38136.6657604365,,2.53167435595158,,,,,,,,,,,0.6904289705882354,74.11653176470588,1.1229177941176471,83.5641982352941,0.7559742117647059,73.19898352941175,0.8000409882352942,75.94218176470588,0.8622887235294117,78.26983647058823,0.80674779,72.931243,0.7492469029773928
Vietnam,East Asia & Pacific,2715.27598010995,8381.23931963427,6.00103665097893,0.2626198977805783,29.38,54.19,58.92,37.48,20.54,29.83,85.52,71.24,,-0.552989090909091,34.23158909090909,-0.2147474409090909,47.08214045454545,0.2198029090909091,53.695281363636354,-0.5494138000000001,30.827793181818183,-0.37967375,41.20247545454545,-1.4048115454545451,9.736927136363636,0.418866747447768
Vanuatu,East Asia & Pacific,3116.29775912529,3269.91477999534,1.41522700357308,,,,,,,,,,0.609,0.059790059090909,57.88349227272727,-0.5002393952380954,35.51381238095238,1.0099802045454545,83.38577,-0.4957234952380951,34.149711761904754,0.2987141636363636,61.783665,0.5428146818181818,64.7649759090909,0.577259758055666
Samoa,East Asia & Pacific,4322.86845664045,6912.0364600159,3.86876461636214,,,,,,,,,,0.715,0.2349265909090909,63.26684681818183,0.3138412272727273,64.77910545454544,1.1211710954545453,88.12677636363637,-0.1283139363636363,49.30932409090909,0.8221235181818183,76.10279772727273,0.6501896409090908,67.83319181818182,0.6647996809172992
Kosovo,Europe & Central Asia,4416.10835754636,11797.1193174485,5.23743315853207,,,,,,,,,,,-0.447695915,38.39952950000001,-0.3891713933333333,40.848232,-0.3877155461538461,34.52543769230769,-0.1300088928571428,48.64114142857143,-0.51769266,35.2697345,-0.3787815136363637,35.97774090909092,0.4451782057113227
"Yemen, Rep.",Middle East & North Africa,,,,,,,,,,,,,,-1.1943783090909088,11.397771136363636,-1.2488240954545455,13.098116936363636,-2.085396818181818,5.0464271,-0.928348840909091,19.464666045454543,-1.3397249181818185,8.560948636363635,-1.275048254545455,13.54611909090909,0.2023786004105986
South Africa,Sub-Saharan Africa,6624.76186493309,14289.7600030669,-1.19609144119572,0.5851711825246797,78.36,23.94,63.97,42.09,3.07,39.27,56.57,95.25,0.709,0.2292496181818182,63.81599363636363,0.4895490954545455,69.2527759090909,-0.1542176090909091,40.516101363636366,0.4207675045454545,65.44586772727273,0.1002517772727272,57.094045,0.6571626772727274,68.53865409090908,0.6117745850813341
Zambia,Sub-Saharan Africa,1305.00103080403,3617.20001387661,-1.45136446466172,,,,,,,,,,0.584,-0.5350862818181817,35.888129545454554,-0.7379791181818182,25.31717500000001,0.2115602681818181,53.26019454545456,-0.4895606318181818,33.36804,-0.4158360909090909,39.70810499999999,-0.2821838,38.899065454545465,0.4452608094531374
Zimbabwe,Sub-Saharan Africa,1316.74065692871,3783.54789758416,-7.46862686012715,,,,,,,,,,0.571,-1.219365390909091,9.8122175,-1.1417745090909093,13.152896818181814,-0.9526314136363636,18.107217272727272,-1.7469360454545455,4.907273913636364,-1.5002342909090909,5.787671177272728,-1.3056210181818182,12.62137622727273,0.2109364717634962
Africa Eastern and Southern,,1530.05917655094,3842.57851067034,-0.544414098800544,,,,,,,,,,,,,,,,,,,,,,,
Africa Western and Central,,1777.91867152634,4335.19954736606,0.492953120389345,,,,,,,,,,,,,,,,,,,,,,,
Arab World,,6489.04321596317,14945.9353142189,0.137964422114464,,,,,,,,,,,,,,,,,,,,,,,
British Virgin Islands,,,,,,,,,,,,,,,,,,,,,,,,,,,
Caribbean small states,,10291.8073190241,16651.2578206471,0.0391755342826769,,,,,,,,,,,,,,,,,,,,,,,
Central Europe and the Baltics,,16346.5549412626,33784.2640654556,4.21435963864975,,,,,,,,,,,,,,,,,,,,,,,
Channel Islands,,,,,,,,,,,,,,,,,,,,,,,,,,,
Cote d'Ivoire,,2276.3323939018,5432.99260799494,3.5576825008911,,,,,,,,,,,-0.7877201454545453,25.165655909090905,-0.882805281818182,20.333476863636363,-1.2916142090909088,13.288255354545452,-0.621548840909091,29.25547545454545,-1.0286880045454545,17.236275772727268,-0.8069197727272727,24.126240909090907,0.3130203930921267
Curacao,,19701.270377457,25530.2068655375,-2.23729770711994,,,,,,,,,,,,,,,,,,,,,,,
Early-demographic dividend,,3503.43973285427,9631.1831509083,0.995396758831475,,,,,,,,,,,,,,,,,,,,,,,
East Asia & Pacific,,11478.0331318664,18302.5371116537,3.51155498003493,,,,,,,,,,,,,,,,,,,,,,,
East Asia & Pacific (IDA & IBRD countries),,8235.58367678187,15101.3011711504,5.16966159968879,,,,,,,,,,,,,,,,,,,,,,,
East Asia & Pacific (excluding high income),,8145.3454372488,14935.6218251754,5.1711364862513,,,,,,,,,,,,,,,,,,,,,,,
Euro area,,39188.636538097,48844.1118128641,1.47504788990523,,,,,,,,,,,,,,,,,,,,,,,
Europe & Central Asia,,24906.4367271277,36726.7798647126,1.4970541774606,,,,,,,,,,,,,,,,,,,,,,,
Europe & Central Asia (IDA & IBRD countries),,9013.79564853992,24090.214778045,2.25097935177097,,,,,,,,,,,,,,,,,,,,,,,
Europe & Central Asia (excluding high income),,8343.55043110518,23147.1379703278,1.85565939695003,,,,,,,,,,,,,,,,,,,,,,,
European Union,,35083.8074854338,46069.751433511,1.75286635390606,,,,,,,,,,,,,,,,,,,,,,,
Faroe Islands,,64225.2649049837,,,,,,,,,,,,,,,,,,,,,,,,,
Fragile and conflict affected situations,,1828.64933768822,4577.45862136304,0.757932906292424,,,,,,,,,,,,,,,,,,,,,,,
French Polynesia,,,,2.37569410108811,,,,,,,,,,,,,,,,,,,,,,,
Gibraltar,,,,,,,,,,,,,,,,,,,,,,,,,,,
Heavily indebted poor countries (HIPC),,985.186283834948,2714.68095985772,1.62210998307135,,,,,,,,,,,,,,,,,,,,,,,
High income,,45462.3716822454,52242.0036707295,1.35571868408213,,,,,,,,,,,,,,,,,,,,,,,
IBRD only,,6461.3345446003,13925.9249166846,3.14095870162885,,,,,,,,,,,,,,,,,,,,,,,
IDA & IBRD total,,5144.34533756254,11331.4063559009,2.76254064591743,,,,,,,,,,,,,,,,,,,,,,,
IDA blend,,1777.85106883714,5134.29962278202,0.0709031150363018,,,,,,,,,,,,,,,,,,,,,,,
IDA only,,1118.85395653545,3204.19001877638,3.18129559501132,,,,,,,,,,,,,,,,,,,,,,,
IDA total,,1340.36345942875,3843.55590643637,1.6717620080524,,,,,,,,,,,,,,,,,,,,,,,
Isle of Man,,86481.5525905339,,-0.356701748502758,,,,,,,,,,,,,,,,,,,,,,,
Late-demographic dividend,,9945.17244404346,18183.1056703332,4.22624742152615,,,,,,,,,,,,,,,,,,,,,,,
Latin America & Caribbean,,8705.11709848032,16611.900880581,-0.129842236573225,,,,,,,,,,,,,,,,,,,,,,,
Latin America & Caribbean (excluding high income),,8226.23632426779,16049.4537922094,-0.250912943307696,,,,,,,,,,,,,,,,,,,,,,,
Latin America & the Caribbean (IDA & IBRD countries),,8525.42186054549,16527.0797114694,-0.150096980182227,,,,,,,,,,,,,,,,,,,,,,,
Least developed countries: UN classification,,1071.58349823785,3126.20952030987,2.61430720730718,,,,,,,,,,,,,,,,,,,,,,,
Low & middle income,,4999.98527614078,11048.1995758987,2.75602607498135,,,,,,,,,,,,,,,,,,,,,,,
Low income,,692.175281184889,2066.66427370518,1.72104503823127,,,,,,,,,,,,,,,,,,,,,,,
Lower middle income,,2354.57872458511,7416.11370333617,2.13364551260436,,,,,,,,,,,,,,,,,,,,,,,
Middle East & North Africa,,7458.02273649403,16671.4068934385,-0.552339316845334,,,,,,,,,,,,,,,,,,,,,,,
Middle East & North Africa (IDA & IBRD countries),,3447.243891381,10716.9886658351,-1.12022657680066,,,,,,,,,,,,,,,,,,,,,,,
Middle East & North Africa (excluding high income),,3449.76562631738,10665.4317298337,-1.12198311247397,,,,,,,,,,,,,,,,,,,,,,,
Middle income,,5481.3737581515,12059.4389616311,2.91212407713797,,,,,,,,,,,,,,,,,,,,,,,
New Caledonia,,34788.529281587,,,,,,,,,,,,,,,,,,,,,,,,,
North America,,63342.982181708,63642.6136716858,1.57481896410086,,,,,,,,,,,,,,,,,,,,,,,
Northern Mariana Islands,,20659.6402915421,,-11.6457911935762,,,,,,,,,,,,,,,,,,,,,,,
OECD members,,39552.6617963179,46054.5022778804,1.23281289416374,,,,,,,,,,,,,,,,,,,,,,,
Other small states,,13799.5866939806,23628.4625197813,0.141020125191261,,,,,,,,,,,,,,,,,,,,,,,
Pacific island small states,,4270.4110635243,7649.5693743097,-0.568482158564322,,,,,,,,,,,,,,,,,,,,,,,
Post-demographic dividend,,45819.4800834415,50935.9960409609,1.42977045296266,,,,,,,,,,,,,,,,,,,,,,,
Pre-demographic dividend,,1489.82232270768,3702.5242766266,0.515221410271138,,,,,,,,,,,,,,,,,,,,,,,
Sao Tome and Principe,,1987.57970166818,4174.72727243553,0.302078271457091,,,,,,,,,,0.625,-0.0861590181818181,54.01892136363638,-0.6582390545454545,28.537809090909093,0.4004325227272727,59.798824090909086,-0.7751009318181817,22.698435,-0.5237747136363636,34.598841363636375,0.2670550954545454,56.90345545454545,0.4816891453816642
Sint Maarten (Dutch part),,,,,,,,,,,,,,,,,,,,,,,,,,,
Small states,,12594.6768910683,21411.5310149939,0.165187251709,,,,,,,,,,,,,,,,,,,,,,,
South Asia,,1959.52584479156,6508.00716048106,2.83316200716395,,,,,,,,,,,,,,,,,,,,,,,
South Asia (IDA & IBRD),,1959.52584479156,6508.00716048106,2.83316200716392,,,,,,,,,,,,,,,,,,,,,,,
St. Martin (French part),,,,,,,,,,,,,,,,,,,,,,,,,,,
Sub-Saharan Africa,,1630.12737786282,4040.95439599989,-0.0768410645230233,,,,,,,,,,,,,,,,,,,,,,,
Sub-Saharan Africa (IDA & IBRD countries),,1630.12737786282,4040.95439599989,-0.0768410645230517,,,,,,,,,,,,,,,,,,,,,,,
Sub-Saharan Africa (excluding high income),,1628.84112706461,4038.77273562255,-0.075835226416558,,,,,,,,,,,,,,,,,,,,,,,
Turks and Caicos Islands,,31350.8666282662,30488.1051683344,3.87129129429537,,,,,,,,,,,,,,,,,,,,,,,
Upper middle income,,9572.87278662793,18123.4708673211,3.52685527882213,,,,,,,,,,,,,,,,,,,,,,,
World,,11397.0860002155,17548.1472151454,1.52032777115821,,,,,,,,,,,,,,,,,,,,,,,
Slovakia,,,,,0.6911713225512847,54.7,69.82,60.33,44.68,11.18,28.21,39.08,78.13,0.86,,,,,,,,,,,,,
Taiwan,,,,,0.614086676468529,58.35,84.13,86.43,62.35,21.81,31.71,64.68,81.6,,,,,,,,,,,,,,
Bosnia And Herzegovina,,,,,0.5225092767625849,44.1,57.77,54.3,36.12,10.78,25.99,60.92,80.48,,,,,,,,,,,,,,
South Korea,,,,,0.5082965763495064,76.85,73.51,82.72,73.22,29.4,40.02,62.42,68.39,,,,,,,,,,,,,,
Russia,,,,,0.3559476300497094,37.41,60.38,59.08,35.26,14.84,44.5,61.8,48.95,,,,,,,,,,,,,,
Hong Kong,,,,,0.321921165021354,65.74,78.08,66.34,80.71,46.93,42.56,67.57,83.64,,,,,,,,,,,,,,
Egypt,,,,,0.2620597913603585,21.54,53.43,47.01,29.52,12.04,48.36,83.64,91.98,0.707,,,,,,,,,,,,,
Venezuela,,,,,0.1749632430161731,15.41,16.42,39.31,43.2,14.35,34.1,75.38,99.93,,,,,,,,,,,,,,
Iran,,,,,0.0871665616467128,17.98,50.89,52.3,37.39,33.0,47.12,75.4,65.69,,,,,,,,,,,,,,
Mean,,,,,0.557843461522057,55.8848275862069,59.27459770114942,64.47310344827586,52.01942528735633,13.23862068965517,35.82574712643678,53.12850574712643,78.32758620689654,,,,,,,,,,,,,,
Median,,,,,0.5377021634110482,51.65,59.13,65.57,48.24,11.18,34.73,57.72,80.48,,,,,,,,,,,,,,
"Hong Kong, China (SAR)",,,,,,,,,,,,,,0.949,,,,,,,,,,,,,
Korea (Republic of),,,,,,,,,,,,,,0.916,,,,,,,,,,,,,
Czechia,,,,,,,,,,,,,,0.9,,,,,,,,,,,,,
Bahamas,,,,,,,,,,,,,,0.814,,,,,,,,,,,,,
Iran (Islamic Republic of),,,,,,,,,,,,,,0.783,,,,,,,,,,,,,
Saint Kitts and Nevis,,,,,,,,,,,,,,0.779,,,,,,,,,,,,,
Saint Lucia,,,,,,,,,,,,,,0.759,,,,,,,,,,,,,
Moldova (Republic of),,,,,,,,,,,,,,0.75,,,,,,,,,,,,,
Saint Vincent and the Grenadines,,,,,,,,,,,,,,0.738,,,,,,,,,,,,,
Bolivia (Plurinational State of),,,,,,,,,,,,,,0.718,,,,,,,,,,,,,
Venezuela (Bolivarian Republic of),,,,,,,,,,,,,,0.711,,,,,,,,,,,,,
"Palestine, State of",,,,,,,,,,,,,,0.708,,,,,,,,,,,,,
Viet Nam,,,,,,,,,,,,,,0.704,,,,,,,,,,,,,
Kyrgyzstan,,,,,,,,,,,,,,0.697,,,,,,,,,,,,,
Micronesia (Federated States of),,,,,,,,,,,,,,0.62,,,,,,,,,,,,,
Lao People's Democratic Republic,,,,,,,,,,,,,,0.613,,,,,,,,,,,,,
Eswatini (Kingdom of),,,,,,,,,,,,,,0.611,,,,,,,,,,,,,
Congo,,,,,,,,,,,,,,0.574,,,,,,,,,,,,,
Tanzania (United Republic of),,,,,,,,,,,,,,0.529,,,,,,,,,,,,,
Gambia,,,,,,,,,,,,,,0.496,,,,,,,,,,,,,
Congo (Democratic Republic of the),,,,,,,,,,,,,,0.48,,,,,,,,,,,,,
Yemen,,,,,,,,,,,,,,0.47,,,,,,,,,,,,,
"Jersey, Channel Islands",,,,,,,,,,,,,,,1.158233,83.575237,1.3188853,87.116524,1.3910762,96.827726,0.97393256,80.40215900000001,1.7274760999999998,93.792885,1.2796255,91.848311,0.866496322797218
Reunion,,,,,,,,,,,,,,,0.7471931882352942,75.56587470588235,1.0357679647058822,81.3162882352941,0.3959132470588235,59.942940588235295,1.1546427294117647,84.28138352941177,0.9795962,80.8418782352941,1.2350819,89.956264,0.7705122834650698
